{
    "Batch Size": 64,
    "Date Created": "20171117-153526",
    "Epochs": 15,
    "File Name": "weights_005_rate_64_batch_15_epochs_400_epoch_steps_50_valid_steps_Nadam_opt_20171117-153526",
    "Learning Rate": 0.005,
    "Optimizer": "Nadam",
    "Scores": {
        "Far from Target": {
            "False Negatives": 171,
            "False Positives": 1,
            "IOU": 0.20246902439768932,
            "Percent False Negatives": 0.5294117647058824,
            "Percent False Positives": 0.0030959752321981426,
            "Percent True Positives": 0.4024767801857585,
            "True Positives": 130
        },
        "Following Target": {
            "False Negatives": 0,
            "False Positives": 0,
            "IOU": 0.8684780878535997,
            "Percent False Negatives": 0.0,
            "Percent False Positives": 0.0,
            "Percent True Positives": 0.992633517495396,
            "True Positives": 539
        },
        "No Target": {
            "False Negatives": 0,
            "False Positives": 44,
            "IOU": 0.0,
            "Percent False Negatives": 0.0,
            "Percent False Positives": 0.16236162361623616,
            "Percent True Positives": 0.0,
            "True Positives": 0
        },
        "Overall": {
            "False Negatives": 171,
            "False Positives": 45,
            "IOU": 0.5354735561256445,
            "Percent False Negatives": 0.1503957783641161,
            "Percent False Positives": 0.0395778364116095,
            "Percent True Positives": 0.5883905013192612,
            "Score": 0.4047817051390465,
            "True Positives": 669,
            "Weight": 0.7559322033898305
        }
    },
    "Steps per Epoch": 400,
    "Validation Steps": 50
}