{
    "Batch Size": 256,
    "Date Created": "20171117-095757",
    "Epochs": 15,
    "File Name": "weights_01_rate_256_batch_15_epochs_500_epoch_steps_50_valid_steps_Adam_opt_20171117-095757",
    "Learning Rate": 0.01,
    "Optimizer": "Adam",
    "Scores": {
        "Far from Target": {
            "False Negatives": 195,
            "False Positives": 2,
            "IOU": 0.15991050724365657,
            "Percent False Negatives": 0.6037151702786377,
            "Percent False Positives": 0.006191950464396285,
            "Percent True Positives": 0.3281733746130031,
            "True Positives": 106
        },
        "Following Target": {
            "False Negatives": 0,
            "False Positives": 0,
            "IOU": 0.8768074649634836,
            "Percent False Negatives": 0.0,
            "Percent False Positives": 0.0,
            "Percent True Positives": 0.992633517495396,
            "True Positives": 539
        },
        "No Target": {
            "False Negatives": 0,
            "False Positives": 46,
            "IOU": 0.0,
            "Percent False Negatives": 0.0,
            "Percent False Positives": 0.16974169741697417,
            "Percent True Positives": 0.0,
            "True Positives": 0
        },
        "Overall": {
            "False Negatives": 195,
            "False Positives": 48,
            "IOU": 0.5183589861035701,
            "Percent False Negatives": 0.17150395778364116,
            "Percent False Positives": 0.04221635883905013,
            "Percent True Positives": 0.5672823218997362,
            "Score": 0.3765107500414445,
            "True Positives": 645,
            "Weight": 0.7263513513513513
        }
    },
    "Steps per Epoch": 500,
    "Validation Steps": 50
}